meet_name,meet_url,year,month,state,level,season
AAU Junior Olympic Games,https://www.milesplit.com/meets/194122-aau-junior-olympic-games-2015/results,2015,8,WA,HS,XC
States Games of America,https://ne.milesplit.com/meets/210433-states-games-of-america-2015/results,2015,8,WA,HS,XC
2A GSHL HBay @ Washougal,https://www.milesplit.com/meets/219853-2a-gshl-hbay-washougal-2015/results,2015,9,WA,HS,XC
"Auburn, Peninsula, Sumner",https://www.milesplit.com/meets/219854-auburn-peninsula-sumner-2015/results,2015,9,WA,HS,XC
Bellevue @ Liberty,https://or.milesplit.com/meets/219779-bellevue-liberty-2015/results,2015,9,WA,HS,XC
Burlington Home Meet,https://wa.milesplit.com/meets/219743-burlington-home-meet-2015/results,2015,9,WA,HS,XC
Eastside Catholic / Ingraham / Seattle Prep / Lakeside,https://wa.milesplit.com/meets/219744-eastside-catholic-ingraham-seattle-prep-lakeside-2015/results,2015,9,WA,HS,XC
"Enumclaw, Lakes at Auburn Riverside",https://wa.milesplit.com/meets/219745-enumclaw-lakes-at-auburn-riverside-2015/results,2015,9,WA,HS,XC
"ER, PHS @ Rogers All City Meet",https://wa.milesplit.com/meets/219852-er-phs-rogers-all-city-meet-2015/results,2015,9,WA,HS,XC
GK v. Spanaway Lake,https://wa.milesplit.com/meets/219746-gk-v-spanaway-lake-2015/results,2015,9,WA,HS,XC
GNL 3 Pullman @ East Valley-Spokane,https://wa.milesplit.com/meets/219747-gnl-3-pullman-east-valley-spokane-2015/results,2015,9,WA,HS,XC
GNL 3 WV (Spokane) @ Clarkston,https://wa.milesplit.com/meets/219804-gnl-3-wv-spokane-clarkston-2015/results,2015,9,WA,HS,XC
GSL #3 Mead @ LC,https://wa.milesplit.com/meets/219749-gsl-3-mead-lc-2015/results,2015,9,WA,HS,XC
"GSL #3 NC, MtS",https://wa.milesplit.com/meets/219748-gsl-3-nc-mts-2015/results,2015,9,WA,HS,XC
"GSL #3 ROGERS VS SHADLE, CV",https://wa.milesplit.com/meets/219750-gsl-3-rogers-vs-shadle-cv-2015/results,2015,9,WA,HS,XC
"Interlake, LW @ Mercer Island",https://ca.milesplit.com/meets/219803-interlake-lw-mercer-island-2015/results,2015,9,WA,HS,XC
Juanita @ Sammamish,https://wa.milesplit.com/meets/219751-juanita-sammamish-2015/results,2015,9,WA,HS,XC
Kent-Meridian vs. Kentridge,https://wa.milesplit.com/meets/219752-kent-meridian-vs-kentridge-2015/results,2015,9,WA,HS,XC
Kentlake vs. Tahoma,https://wa.milesplit.com/meets/219753-kentlake-vs-tahoma-2015/results,2015,9,WA,HS,XC
"Lynden Christitan, Squalicum, Sedro Woolley @ Mount Baker",https://wa.milesplit.com/meets/219754-lynden-christitan-squalicum-sedro-woolley-mount-baker-2015/results,2015,9,WA,HS,XC
Mount Rainier vs. Decatur,https://www.milesplit.com/meets/219755-mount-rainier-vs-decatur-2015/results,2015,9,WA,HS,XC
Narrows Twilight,https://wa.milesplit.com/meets/219756-narrows-twilight-2015/results,2015,9,WA,HS,XC
NEA #1 Deer Park/Colville/Medical Lake,https://wa.milesplit.com/meets/219802-nea-1-deer-parkcolvillemedical-lake-2015/results,2015,9,WA,HS,XC
NEA #1 Riverside vs. Chewelah,https://wa.milesplit.com/meets/219757-nea-1-riverside-vs-chewelah-2015/results,2015,9,WA,HS,XC
"NWC Mer, Seh @ Lynden",https://wa.milesplit.com/meets/219758-nwc-mer-seh-lynden-2015/results,2015,9,WA,HS,XC
OL KSS vs SHS @ Kingston HS,https://wa.milesplit.com/meets/219759-ol-kss-vs-shs-kingston-hs-2015/results,2015,9,WA,HS,XC
OL OHS vs NMHS @ Port Angeles HS,https://wa.milesplit.com/meets/219760-ol-ohs-vs-nmhs-port-angeles-hs-2015/results,2015,9,WA,HS,XC
PTHS & NKHS @ Bremerton HS,https://www.milesplit.com/meets/219777-pths-and-nkhs-bremerton-hs-2015/results,2015,9,WA,HS,XC
R.A. Long & Woodland @ Mark Morris,https://wa.milesplit.com/meets/219778-ra-long-and-woodland-mark-morris-2015/results,2015,9,WA,HS,XC
"Stadium, Foss, Wilson, North Thurston",https://wa.milesplit.com/meets/219801-stadium-foss-wilson-north-thurston-2015/results,2015,9,WA,HS,XC
Thomas Jefferson vs. Federal Way,https://wa.milesplit.com/meets/219761-thomas-jefferson-vs-federal-way-2015/results,2015,9,WA,HS,XC
Tonasket Invite,https://wa.milesplit.com/meets/219929-tonasket-invite-2015/results,2015,9,WA,HS,XC
Trico League Meet,https://wa.milesplit.com/meets/219762-trico-league-meet-2015/results,2015,9,WA,HS,XC
"W.F. West, Black Hills @ Tumwater",https://wa.milesplit.com/meets/219763-wf-west-black-hills-tumwater-2015/results,2015,9,WA,HS,XC
ECL Meet,https://www.milesplit.com/meets/219499-ecl-meet-2015/results,2015,9,WA,HS,XC
Fort Vancouver vs Kelso,https://wa.milesplit.com/meets/219647-fort-vancouver-vs-kelso-2015/results,2015,9,WA,HS,XC
"Mt. View, Columbia River, Prairie @ Battle Ground",https://wa.milesplit.com/meets/219688-mt-view-columbia-river-prairie-battle-ground-2015/results,2015,9,WA,HS,XC
Onalaska League Meet,https://wa.milesplit.com/meets/219742-onalaska-league-meet-2015/results,2015,9,WA,HS,XC
Skyview vs Evergreen,https://wa.milesplit.com/meets/219649-skyview-vs-evergreen-2015/results,2015,9,WA,HS,XC
"Union, Heritage @ Camas",https://wa.milesplit.com/meets/219690-union-heritage-camas-2015/results,2015,9,WA,HS,XC
Knight Invite,https://wa.milesplit.com/meets/219450-2nd-annual-knight-invite-2015/results,2015,9,WA,HS,XC
Mount Baker Invitational,https://wa.milesplit.com/meets/219452-41st-annual-mount-baker-invitational-2015/results,2015,9,WA,HS,XC
King's Crossing Invitational,https://wa.milesplit.com/meets/219460-9th-kings-crossing-invitational-2015/results,2015,9,WA,HS,XC
Bellevue Invitational,https://wa.milesplit.com/meets/214289-bellevue-invitational-2015/results,2015,9,WA,HS,XC
Bob Firman Invitational,https://id.milesplit.com/meets/214375-bob-firman-invitational-2015/results,2015,9,WA,HS,XC
Connell Invitational,https://wa.milesplit.com/meets/214290-connell-invitational-2015/results,2015,9,WA,HS,XC
Montesano Invitational,https://wa.milesplit.com/meets/214291-montesano-invitational-2015/results,2015,9,WA,HS,XC
Nike Portland XC Invite,https://or.milesplit.com/meets/206488-nike-portland-xc-invite-2015/results,2015,9,WA,HS,XC
Northwest Classic,https://or.milesplit.com/meets/216543-northwest-classic-2015/results,2015,9,WA,HS,XC
Evergreen 1A/2A Rochester,https://wa.milesplit.com/meets/219321-evergreen-1a2a-rochester-2015/results,2015,9,WA,HS,XC
"Wil,Timb,Cap,Yelm, Lin @ Oly",https://wa.milesplit.com/meets/219497-wiltimbcapyelm-lin-oly-2015/results,2015,9,WA,HS,XC
"Cascade, Arlington, Shorewood & Snohomish",https://wa.milesplit.com/meets/219310-cascade-arlington-shorewood-and-snohomish-2015/results,2015,9,WA,HS,XC
CWAC League - Eph/Qui/Top@Pro,https://wa.milesplit.com/meets/219373-cwac-league-ephquitoppro-2015/results,2015,9,WA,HS,XC
CWAC League: East Valley & Othello @ Selah,https://wa.milesplit.com/meets/219319-cwac-league-east-valley-and-othello-selah-2015/results,2015,9,WA,HS,XC
CWAC League: Wapato & Grandview @ Ellensburg,https://wa.milesplit.com/meets/219320-cwac-league-wapato-and-grandview-ellensburg-2015/results,2015,9,WA,HS,XC
Evergreen 1A/2A Aberdeen,https://wa.milesplit.com/meets/219857-evergreen-1a2a-aberdeen-2015/results,2015,9,WA,HS,XC
Garfield Meet,https://wa.milesplit.com/meets/219322-garfield-meet-2015/results,2015,9,WA,HS,XC
"Lynnwood, Jackson, Shorecrest @ Lynnwood",https://wa.milesplit.com/meets/219856-lynnwood-jackson-shorecrest-lynnwood-2015/results,2015,9,WA,HS,XC
MCC League Meet #1,https://wa.milesplit.com/meets/219323-mcc-league-meet-1-2015/results,2015,9,WA,HS,XC
"MGHS, Meadowdale, Mariner @ EWHS",https://wa.milesplit.com/meets/219371-mghs-meadowdale-mariner-ewhs-2015/results,2015,9,WA,HS,XC
"Pilchuck, Lk Stevens, Terrace",https://wa.milesplit.com/meets/219324-pilchuck-lk-stevens-terrace-2015/results,2015,9,WA,HS,XC
Seamount Dual Meet,https://wa.milesplit.com/meets/219858-seamount-dual-meet-2015/results,2015,9,WA,HS,XC
Seamount League meet,https://wa.milesplit.com/meets/219325-seamount-league-meet-2015/results,2015,9,WA,HS,XC
"Bham ""City Meet""",https://wa.milesplit.com/meets/219259-bham-city-meet-2015/results,2015,9,WA,HS,XC
"Bonney Lake, Peninsula, Auburn Riverside",https://www.milesplit.com/meets/219260-bonney-lake-peninsula-auburn-riverside-2015/results,2015,9,WA,HS,XC
"Bothell, Issaquah at Inglemoor",https://wa.milesplit.com/meets/219261-bothell-issaquah-at-inglemoor-2015/results,2015,9,WA,HS,XC
"Centralia, Tumwater at W.F. West",https://wa.milesplit.com/meets/219262-centralia-tumwater-at-wf-west-2015/results,2015,9,WA,HS,XC
Emerald Ridge vs Spanaway Lake,https://wa.milesplit.com/meets/219263-emerald-ridge-vs-spanaway-lake-2015/results,2015,9,WA,HS,XC
Federal Way vs. Mount Rainier,https://wa.milesplit.com/meets/219264-federal-way-vs-mount-rainier-2015/results,2015,9,WA,HS,XC
Franklin / Lakeside / Blanchet / Nathan Hale / Bainbridge,https://wa.milesplit.com/meets/219247-franklin-lakeside-blanchet-nathan-hale-bainbridge-2015/results,2015,9,WA,HS,XC
"GK, Bethel at Puyallup",https://wa.milesplit.com/meets/219265-gk-bethel-at-puyallup-2015/results,2015,9,WA,HS,XC
GNL East Valley at West Valley,https://wa.milesplit.com/meets/219266-gnl-east-valley-at-west-valley-2015/results,2015,9,WA,HS,XC
"GSL #2 NC, Ferris, CV",https://wa.milesplit.com/meets/219268-gsl-2-nc-ferris-cv-2015/results,2015,9,WA,HS,XC
GSL #2 Rogers vs. Mead,https://wa.milesplit.com/meets/219269-gsl-2-rogers-vs-mead-2015/results,2015,9,WA,HS,XC
"GSL #2 Shadle, GPrep @ LC",https://wa.milesplit.com/meets/219270-gsl-2-shadle-gprep-lc-2015/results,2015,9,WA,HS,XC
GSL #2 U-High/MSHS,https://wa.milesplit.com/meets/219271-gsl-2-u-highmshs-2015/results,2015,9,WA,HS,XC
"Interlake, LW @ Bellevue",https://wa.milesplit.com/meets/219272-interlake-lw-bellevue-2015/results,2015,9,WA,HS,XC
Juanita @ Liberty,https://wa.milesplit.com/meets/219273-juanita-liberty-2015/results,2015,9,WA,HS,XC
"Lakes, Sumner, Auburn Mountainview",https://wa.milesplit.com/meets/219274-lakes-sumner-auburn-mountainview-2015/results,2015,9,WA,HS,XC
Mtn View vs Union,https://wa.milesplit.com/meets/219161-mtn-view-vs-union-2015/results,2015,9,WA,HS,XC
"NWC LC,NV at Lynden",https://wa.milesplit.com/meets/219275-nwc-lcnv-at-lynden-2015/results,2015,9,WA,HS,XC
"NWC Meridian, Mt. Baker @ Blaine",https://wa.milesplit.com/meets/219276-nwc-meridian-mt-baker-blaine-2015/results,2015,9,WA,HS,XC
OL KHS vs BHS @ PAHS,https://wa.milesplit.com/meets/219277-ol-khs-vs-bhs-pahs-2015/results,2015,9,WA,HS,XC
OL NMHS vs PTHS @ KSS,https://wa.milesplit.com/meets/219278-ol-nmhs-vs-pths-kss-2015/results,2015,9,WA,HS,XC
OL OHS vs NKHS @ Sequim,https://wa.milesplit.com/meets/219279-ol-ohs-vs-nkhs-sequim-2015/results,2015,9,WA,HS,XC
Rogers at Curtis,https://wa.milesplit.com/meets/219280-rogers-at-curtis-2015/results,2015,9,WA,HS,XC
Roosevelt / O'Dea / Holy Names,https://wa.milesplit.com/meets/219281-roosevelt-odea-holy-names-2015/results,2015,9,WA,HS,XC
Tahoma vs. Kent-Meridian,https://wa.milesplit.com/meets/219246-tahoma-vs-kent-meridian-2015/results,2015,9,WA,HS,XC
Todd Beamer vs. Thomas Jefferson,https://wa.milesplit.com/meets/219244-todd-beamer-vs-thomas-jefferson-2015/results,2015,9,WA,HS,XC
Trico 1A hosted,https://wa.milesplit.com/meets/219241-trico-1a-hosted-by-castle-rock-2015/results,2015,9,WA,HS,XC
Trico 1A Hosted,https://wa.milesplit.com/meets/219240-trico-1a-hosted-by-kalama-2015/results,2015,9,WA,HS,XC
District 7 1B/2B @ Wellpinit,https://wa.milesplit.com/meets/219799-district-7-1b2b-wellpinit-2015/results,2015,9,WA,HS,XC
District 7 1B/2B at Northwest Christian,https://wa.milesplit.com/meets/219158-district-7-1b2b-at-northwest-christian-2015/results,2015,9,WA,HS,XC
ECL / Nisqually League Meet #2,https://wa.milesplit.com/meets/219800-ecl-nisqually-league-xc-meet-2-2015/results,2015,9,WA,HS,XC
ECL/Nisqually Meet,https://wa.milesplit.com/meets/219159-eclnisqually-meet-2015/results,2015,9,WA,HS,XC
GSHL 2A Meet,https://wa.milesplit.com/meets/219152-gshl-2a-meet-2015/results,2015,9,WA,HS,XC
"Heritage, Battleground at Evergreen",https://wa.milesplit.com/meets/219160-heritage-battleground-at-evergreen-2015/results,2015,9,WA,HS,XC
ob Nollan Classic Lewis & Clark Trail Race,https://wa.milesplit.com/meets/219282-ob-nollan-classic-lewis-and-clark-trail-race-2015/results,2015,9,WA,HS,XC
Skyview at Camas,https://wa.milesplit.com/meets/219174-skyview-at-camas-2015/results,2015,9,WA,HS,XC
Apple Ridge Invitational,https://wa.milesplit.com/meets/214283-apple-ridge-invitational-2015/results,2015,9,WA,HS,XC
Fort Steilacoom Invitational,https://wa.milesplit.com/meets/214284-fort-steilacoom-invitational-2015/results,2015,9,WA,HS,XC
Iolani Invitational at Kualoa Ranch,https://hi.milesplit.com/meets/217294-iolani-cross-country-invitational-at-kualoa-ranch-2015/results,2015,9,WA,HS,XC
Runners Soul Erik Anderson Invitational,https://wa.milesplit.com/meets/217122-runners-soul-erik-anderson-invitational-2015/results,2015,9,WA,HS,XC
Runners Soul Erik Anderson Invitational,https://wa.milesplit.com/meets/218964-runners-soul-erik-anderson-invitational-2015/results,2015,9,WA,HS,XC
Salt Creek Invitational,https://wa.milesplit.com/meets/214282-salt-creek-invitational-2015/results,2015,9,WA,HS,XC
Seaport Invitational,https://www.milesplit.com/meets/214286-seaport-invitational-2015/results,2015,9,WA,HS,XC
South Whidbey Invitational,https://wa.milesplit.com/meets/214287-south-whidbey-invitational-2015/results,2015,9,WA,HS,XC
Sundodger Invitational,https://wa.milesplit.com/meets/214288-sundodger-invitational-2015/results,2015,9,WA,HS,XC
Lakeside / Blanchet / Garfield / Rainier Beach / Bellarmine,https://wa.milesplit.com/meets/218894-lakeside-blanchet-garfield-rainier-beach-bellarmine-2015/results,2015,9,WA,HS,XC
1A/2A Evergreen Eatonville,https://wa.milesplit.com/meets/218889-1a2a-evergreen-eatonville-2015/results,2015,9,WA,HS,XC
Big 9 4A League Meet #1,https://wa.milesplit.com/meets/218890-big-9-4a-league-meet-1-2015/results,2015,9,WA,HS,XC
Evergreen League Forks,https://wa.milesplit.com/meets/218921-evergreen-league-forks-2015/results,2015,9,WA,HS,XC
Harriers at the Beach,https://wa.milesplit.com/meets/218891-harriers-at-the-beach-2015/results,2015,9,WA,HS,XC
Marysville Getchell Quad,https://wa.milesplit.com/meets/218892-marysville-getchell-quad-2015/results,2015,9,WA,HS,XC
O'Dea Meet,https://wa.milesplit.com/meets/218893-odea-meet-2015/results,2015,9,WA,HS,XC
Orting Triangular,https://wa.milesplit.com/meets/218919-orting-triangular-2015/results,2015,9,WA,HS,XC
SKSD Jr High Jamboree,https://wa.milesplit.com/meets/218913-sksd-jr-high-jamboree-2015/results,2015,9,WA,HS,XC
"Wesco: Terrace,EW,Stanwood",https://tx.milesplit.com/meets/218915-wesco-terraceewstanwood-2015/results,2015,9,WA,HS,XC
Archbishop Murphy,https://wa.milesplit.com/meets/216978-archbishop-murphy-2015/results,2015,9,WA,HS,XC
Curtis vs. Bethel,https://wa.milesplit.com/meets/216965-curtis-vs-bethel-2015/results,2015,9,WA,HS,XC
Federal Way vs. Decatur,https://wa.milesplit.com/meets/216966-federal-way-vs-decatur-2015/results,2015,9,WA,HS,XC
Gig Harbor Meet,https://wa.milesplit.com/meets/216969-gig-harbor-meet-2015/results,2015,9,WA,HS,XC
GNL 1 Cheney vs East Valley-Spokane,https://wa.milesplit.com/meets/218875-gnl-1-cheney-vs-east-valley-spokane-2015/results,2015,9,WA,HS,XC
GNL 3 WV (Spokane) at Pullman,https://wa.milesplit.com/meets/218876-gnl-3-wv-spokane-at-pullman-2015/results,2015,9,WA,HS,XC
GNL Meet North Central/Mt Spokane,https://wa.milesplit.com/meets/218881-gnl-meet-north-centralmt-spokane-2015/results,2015,9,WA,HS,XC
"GSL #1 GP, Mead, NC",https://wa.milesplit.com/meets/218878-gsl-1-gp-mead-nc-2015/results,2015,9,WA,HS,XC
"GSL #1 Shadle Park, University",https://wa.milesplit.com/meets/218880-gsl-1-shadle-park-university-2015/results,2015,9,WA,HS,XC
Hood River Skip Sparks Invitational,https://or.milesplit.com/meets/216506-hood-river-skip-sparks-invitational-2015/results,2015,9,WA,HS,XC
Juanita Triangular,https://wa.milesplit.com/meets/216962-juanita-triangular-2015/results,2015,9,WA,HS,XC
Meridian Quad,https://wa.milesplit.com/meets/216964-meridian-quad-2015/results,2015,9,WA,HS,XC
Meridian vs. Kentlake,https://wa.milesplit.com/meets/216977-meridian-vs-kentlake-2015/results,2015,9,WA,HS,XC
Mount Rainier vs. Todd Beamer,https://www.milesplit.com/meets/216981-mount-rainier-vs-todd-beamer-2015/results,2015,9,WA,HS,XC
Nooksack Valley Meet,https://wa.milesplit.com/meets/216982-nooksack-valley-meet-2015/results,2015,9,WA,HS,XC
North Kitsap Triangular,https://wa.milesplit.com/meets/218882-north-kitsap-triangular-2015/results,2015,9,WA,HS,XC
Pre-Salmon Race,https://wa.milesplit.com/meets/218884-pre-salmon-race-2015/results,2015,9,WA,HS,XC
Ridgefield vs Mark Morris,https://wa.milesplit.com/meets/218885-ridgefield-vs-mark-morris-2015/results,2015,9,WA,HS,XC
Rogers vs. Ferris,https://wa.milesplit.com/meets/218879-rogers-vs-ferris-2015/results,2015,9,WA,HS,XC
Sammamish at LW,https://wa.milesplit.com/meets/218912-sammamish-at-lw-2015/results,2015,9,WA,HS,XC
Sequim Meet,https://wa.milesplit.com/meets/216983-sequim-meet-2015/results,2015,9,WA,HS,XC
Shelton Meet,https://wa.milesplit.com/meets/218883-shelton-meet-2015/results,2015,9,WA,HS,XC
Shorecrest Quad,https://wa.milesplit.com/meets/218886-shorecrest-quad-2015/results,2015,9,WA,HS,XC
SP/Hale/Franklin/Ing/Bainbridge,https://wa.milesplit.com/meets/218910-sphalefrankliningbainbridge-2015/results,2015,9,WA,HS,XC
Squalicum Triangular,https://wa.milesplit.com/meets/216979-squalicum-triangular-2015/results,2015,9,WA,HS,XC
Tahoma vs. Kentwood,https://wa.milesplit.com/meets/218887-tahoma-vs-kentwood-2015/results,2015,9,WA,HS,XC
Trico League,https://wa.milesplit.com/meets/218888-trico-league-2015/results,2015,9,WA,HS,XC
Bridgeport Invitational,https://wa.milesplit.com/meets/216956-bridgeport-invitational-2015/results,2015,9,WA,HS,XC
District 7 1B/2B League Opener,https://wa.milesplit.com/meets/216958-district-7-1b2b-league-opener-2015/results,2015,9,WA,HS,XC
District 7 1B/2B League Opener,https://wa.milesplit.com/meets/218962-district-7-1b2b-league-opener-2015/results,2015,9,WA,HS,XC
ECL Meet,https://wa.milesplit.com/meets/216960-ecl-meet-2015/results,2015,9,WA,HS,XC
Heritage Quad,https://wa.milesplit.com/meets/218755-heritage-quad-2015/results,2015,9,WA,HS,XC
Nisqually League: Vashon Host,https://wa.milesplit.com/meets/216961-nisqually-league-vashon-host-2015/results,2015,9,WA,HS,XC
Skyview Triangular,https://wa.milesplit.com/meets/216955-skyview-triangular-2015/results,2015,9,WA,HS,XC
Asotin Island Run Invitational,https://wa.milesplit.com/meets/214274-asotin-xc-island-run-invitational-2015/results,2015,9,WA,HS,XC
Capital Invitational,https://wa.milesplit.com/meets/214275-capital-invitational-2015/results,2015,9,WA,HS,XC
Ellensburg Invitational,https://wa.milesplit.com/meets/214276-ellensburg-invitational-2015/results,2015,9,WA,HS,XC
Highlander Invitational,https://wa.milesplit.com/meets/214277-highlander-invitational-2015/results,2015,9,WA,HS,XC
Moses Lake Invitational,https://wa.milesplit.com/meets/214278-moses-lake-invitational-2015/results,2015,9,WA,HS,XC
Ocosta Invitational,https://wa.milesplit.com/meets/214279-ocosta-invitational-2015/results,2015,9,WA,HS,XC
Saxon Invite,https://or.milesplit.com/meets/216494-saxon-invite-2015/results,2015,9,WA,HS,XC
Sehome Invitational,https://wa.milesplit.com/meets/214280-sehome-invitational-2015/results,2015,9,WA,HS,XC
The Bellarmine Invitational,https://wa.milesplit.com/meets/214273-the-bellarmine-invitational-2015/results,2015,9,WA,HS,XC
Tracy Walters Invitational,https://wa.milesplit.com/meets/214281-tracy-walters-invitational-2015/results,2015,9,WA,HS,XC
Run-A-Ree,https://wa.milesplit.com/meets/216952-run-a-ree-2015/results,2015,9,WA,HS,XC
3A Kingco Meet,https://wa.milesplit.com/meets/216948-3a-kingco-meet-2015/results,2015,9,WA,HS,XC
Gordy Roberton Invitational,https://wa.milesplit.com/meets/216950-gordy-roberton-invitational-2015/results,2015,9,WA,HS,XC
Olympic Jamboree,https://wa.milesplit.com/meets/216951-olympic-jamboree-2015/results,2015,9,WA,HS,XC
Seamount League Class Meet,https://wa.milesplit.com/meets/218455-seamount-league-class-meet-2015/results,2015,9,WA,HS,XC
Anacortes Meet,https://wa.milesplit.com/meets/216941-anacortes-meet-2015/results,2015,9,WA,HS,XC
Cascade Conference Preview,https://wa.milesplit.com/meets/216945-cascade-conference-preview-2015/results,2015,9,WA,HS,XC
Kentridge vs. Spanaway Lake,https://wa.milesplit.com/meets/216946-kentridge-vs-spanaway-lake-2015/results,2015,9,WA,HS,XC
Layden Christian Tri,https://wa.milesplit.com/meets/218453-layden-christian-tri-2015/results,2015,9,WA,HS,XC
Sehome Quad,https://wa.milesplit.com/meets/218452-sehome-quad-2015/results,2015,9,WA,HS,XC
La Center Jamboree,https://wa.milesplit.com/meets/216938-la-center-jamboree-2015/results,2015,9,WA,HS,XC
Wilbur Jamboree,https://www.milesplit.com/meets/216940-wilbur-jamboree-2015/results,2015,9,WA,HS,XC
Raven Pancake Jamboree,https://wa.milesplit.com/meets/216936-raven-pancake-jamboree-2015/results,2015,9,WA,HS,XC
Hanford Jamboree HS,https://wa.milesplit.com/meets/218215-hanford-jamboree-hs-2015/results,2015,9,WA,HS,XC
1B/2B Dist. 7/9 Championship,https://wa.milesplit.com/meets/222700-1b2b-dist-79-championship-2015/results,2015,10,WA,HS,XC
3A SeaKing & 4A Bi-District I/II Championships,https://wa.milesplit.com/meets/222689-3a-seaking-and-4a-bi-district-iii-championships-2015/results,2015,10,WA,HS,XC
3A/4A Regional Meet-Districts 5/8,https://wa.milesplit.com/meets/222690-3a4a-regional-meet-districts-58-2015/results,2015,10,WA,HS,XC
CWAC GNL Regional/CWAC District Championships,https://wa.milesplit.com/meets/222688-cwac-gnl-regionalcwac-district-championships-2015/results,2015,10,WA,HS,XC
District 1 Championships,https://wa.milesplit.com/meets/222687-district-1-cross-country-championships-2015/results,2015,10,WA,HS,XC
District 4 1A/2A Championships,https://wa.milesplit.com/meets/222658-district-4-1a2a-championships-2015/results,2015,10,WA,HS,XC
District 4 1B/2B Championships,https://wa.milesplit.com/meets/222683-district-4-1b2b-championships-2015/results,2015,10,WA,HS,XC
Westside Classic,https://wa.milesplit.com/meets/222679-westside-classic-2015/results,2015,10,WA,HS,XC
1A District 6,https://www.milesplit.com/meets/222569-1a-district-6-2015/results,2015,10,WA,HS,XC
District 5 1A Championship,https://wa.milesplit.com/meets/222686-district-5-1a-championship-2015/results,2015,10,WA,HS,XC
NCWAA 4A District 6,https://wa.milesplit.com/meets/222571-ncwaa-4a-district-6-2015/results,2015,10,WA,HS,XC
NEA District 7,https://wa.milesplit.com/meets/222572-nea-district-7-2015/results,2015,10,WA,HS,XC
3A/4A KingCo League Championships,https://www.milesplit.com/meets/222268-51th-3a4a-kingco-league-championships-2015/results,2015,10,WA,HS,XC
CW B League Championships,https://www.milesplit.com/meets/222269-cw-b-league-championships-2015/results,2015,10,WA,HS,XC
Dist. 7-9 2A/2B Championships,https://www.milesplit.com/meets/222270-dist-7-9-2a2b-championships-2015/results,2015,10,WA,HS,XC
GSL Freshmen/JV Championships,https://www.milesplit.com/meets/222272-gsl-freshmenjv-championships-2015/results,2015,10,WA,HS,XC
NE District 7 1B/2B Championship,https://www.milesplit.com/meets/222271-ne-district-7-1b2b-championship-2015/results,2015,10,WA,HS,XC
SPSL Sub District Championships,https://www.milesplit.com/meets/222168-spsl-sub-district-championships-2015/results,2015,10,WA,HS,XC
WESCO/Cascade Championships,https://www.milesplit.com/meets/222273-wescocascade-championships-2015/results,2015,10,WA,HS,XC
Emerald City League Championships,https://www.milesplit.com/meets/222170-emerald-city-league-xc-championships-2015/results,2015,10,WA,HS,XC
Mt SAC Invitational,https://www.milesplit.com/meets/212872-mt-sac-invitational-2015/results,2015,10,WA,HS,XC
2B Dist IV Central League Championship,https://www.milesplit.com/meets/222292-2b-dist-iv-central-league-championship-2015/results,2015,10,WA,HS,XC
2B Pacific League Championship,https://wa.milesplit.com/meets/222291-2b-pacific-league-championship-2015/results,2015,10,WA,HS,XC
CWAC League Meet @ West Valley,https://www.milesplit.com/meets/222290-cwac-league-meet-west-valley-2015/results,2015,10,WA,HS,XC
CWAC League: Quincy & Othello @ Ellenburg,https://wa.milesplit.com/meets/222021-cwac-league-quincy-and-othello-ellenburg-2015/results,2015,10,WA,HS,XC
Evergreen 1A/2A League Championship,https://wa.milesplit.com/meets/222032-evergreen-1a2a-league-championship-2015/results,2015,10,WA,HS,XC
GSHL 2A All-League meet,https://wa.milesplit.com/meets/222011-gshl-2a-all-league-meet-2015/results,2015,10,WA,HS,XC
GSHL 3A District Meet,https://wa.milesplit.com/meets/222033-gshl-3a-district-meet-2015/results,2015,10,WA,HS,XC
MCC Districts/JV Championships,https://wa.milesplit.com/meets/222012-mcc-districtsjv-championships-2015/results,2015,10,WA,HS,XC
Metro League 3A Championships,https://wa.milesplit.com/meets/222013-metro-league-3a-xc-championships-2015/results,2015,10,WA,HS,XC
Nisqually League Championship,https://wa.milesplit.com/meets/222015-nisqually-league-championship-2015/results,2015,10,WA,HS,XC
NWC Championships - JV & Varsity,https://wa.milesplit.com/meets/222019-nwc-championships-jv-and-varsity-2015/results,2015,10,WA,HS,XC
Olympic League Championships,https://www.milesplit.com/meets/222022-olympic-league-championships-2015/results,2015,10,WA,HS,XC
SCAC #4 @ Zillah,https://wa.milesplit.com/meets/222016-scac-4-zillah-2015/results,2015,10,WA,HS,XC
SCAC League @ La Salle,https://wa.milesplit.com/meets/222034-scac-league-la-salle-2015/results,2015,10,WA,HS,XC
SCAC Meet #4 @ Connell,https://wa.milesplit.com/meets/222035-scac-meet-4-connell-2015/results,2015,10,WA,HS,XC
SeaTac League Championship,https://wa.milesplit.com/meets/222036-seatac-league-championship-2015/results,2015,10,WA,HS,XC
"CWAC: Grandview, Ephrata, Selah, @ Toppenish",https://wa.milesplit.com/meets/221922-cwac-grandview-ephrata-selah-toppenish-2015/results,2015,10,WA,HS,XC
Evergreen League Championships,https://wa.milesplit.com/meets/221923-evergreen-league-championships-2015/results,2015,10,WA,HS,XC
GSHL District 4A Meet,https://wa.milesplit.com/meets/221924-gshl-district-4a-meet-2015/results,2015,10,WA,HS,XC
GSL #5 Mead/Ferris/SP/MSHS,https://wa.milesplit.com/meets/221931-gsl-5-meadferrisspmshs-2015/results,2015,10,WA,HS,XC
"GSL #5 UH, ROGERS, NC, LC",https://wa.milesplit.com/meets/221933-gsl-5-uh-rogers-nc-lc-2015/results,2015,10,WA,HS,XC
GSL #5 vs GP,https://wa.milesplit.com/meets/221934-gsl-5-vs-gp-2015/results,2015,10,WA,HS,XC
Medical Lk/Chewelah/Freeman,https://wa.milesplit.com/meets/221935-medical-lkchewelahfreeman-2015/results,2015,10,WA,HS,XC
Narrows League 3A / 4A Championships,https://wa.milesplit.com/meets/221936-narrows-league-3a-4a-xc-championships-2015/results,2015,10,WA,HS,XC
NEA #4 Deer Park/Lakeside,https://wa.milesplit.com/meets/221938-nea-4-deer-parklakeside-2015/results,2015,10,WA,HS,XC
Trico League Championships,https://wa.milesplit.com/meets/221941-trico-league-championships-2015/results,2015,10,WA,HS,XC
Big 9 4A League Meet #2,https://www.milesplit.com/meets/221796-big-9-4a-league-meet-2-2015/results,2015,10,WA,HS,XC
Enchantment Dual Meet,https://wa.milesplit.com/meets/221797-enchantment-dual-meet-2015/results,2015,10,WA,HS,XC
Oroville Invitational,https://www.milesplit.com/meets/221451-oroville-invitational-2015/results,2015,10,WA,HS,XC
Seamount League Meet,https://wa.milesplit.com/meets/221452-seamount-league-meet-2015/results,2015,10,WA,HS,XC
West Valley @ Deer Park,https://wa.milesplit.com/meets/221453-west-valley-deer-park-2015/results,2015,10,WA,HS,XC
Nisqually/Emerald City Meet,https://wa.milesplit.com/meets/221372-nisquallyemerald-city-meet-2015/results,2015,10,WA,HS,XC
Terry Rice Frosh/Soph Classic,https://wa.milesplit.com/meets/221373-terry-rice-froshsoph-classic-2015/results,2015,10,WA,HS,XC
Bishop Blanchet Invitational,https://wa.milesplit.com/meets/221198-bishop-blanchet-invitational-2015/results,2015,10,WA,HS,XC
CWAC League: Eburg/Selah/Pro @ Prosser,https://wa.milesplit.com/meets/221320-cwac-league-eburgselahpro-prosser-2015/results,2015,10,WA,HS,XC
CWAC League: Oth/Eph/Top @ Wap,https://wa.milesplit.com/meets/221319-cwac-league-othephtop-wap-2015/results,2015,10,WA,HS,XC
Edmonds District Championships,https://wa.milesplit.com/meets/221321-edmonds-district-championships-2015/results,2015,10,WA,HS,XC
Fast and Flat Invitational,https://wa.milesplit.com/meets/221322-fast-and-flat-invitational-2015/results,2015,10,WA,HS,XC
"GSL #4 SP, NC",https://wa.milesplit.com/meets/221211-gsl-4-sp-nc-2015/results,2015,10,WA,HS,XC
GSL #4 vs UHI/Mead,https://wa.milesplit.com/meets/221214-gsl-4-vs-uhimead-2015/results,2015,10,WA,HS,XC
Lake Lap Invite,https://wa.milesplit.com/meets/221200-lake-lap-invite-2015/results,2015,10,WA,HS,XC
MCC League Meet #2,https://wa.milesplit.com/meets/221201-mcc-league-meet-2-2015/results,2015,10,WA,HS,XC
Mt. Cashmere Meet,https://wa.milesplit.com/meets/221323-mt-cashmere-meet-2015/results,2015,10,WA,HS,XC
River Meadows Run,https://wa.milesplit.com/meets/221203-river-meadows-run-2015/results,2015,10,WA,HS,XC
SCAC #3 at Naches,https://wa.milesplit.com/meets/221205-scac-3-at-naches-2015/results,2015,10,WA,HS,XC
SCAC Meet #3 @ Royal,https://wa.milesplit.com/meets/221328-scac-meet-3-royal-2015/results,2015,10,WA,HS,XC
Skagit County Championships,https://wa.milesplit.com/meets/221629-skagit-county-championships-2015/results,2015,10,WA,HS,XC
SPSL 2A Championships,https://wa.milesplit.com/meets/221329-spsl-2a-championships-2015/results,2015,10,WA,HS,XC
St. Edwards State Park CPC 2 Mile,https://wa.milesplit.com/meets/221331-st-edwards-state-park-cpc-2-mile-2015/results,2015,10,WA,HS,XC
2A GSHL HBAY/RIDG/WDLD,https://wa.milesplit.com/meets/221020-2a-gshl-hbayridgwdld-2015/results,2015,10,WA,HS,XC
Bellarmine v. Central Kitsap & Gig Harbor,https://wa.milesplit.com/meets/221021-bellarmine-v-central-kitsap-and-gig-harbor-2015/results,2015,10,WA,HS,XC
"Bellevue, Sammamish @ Interlake",https://wa.milesplit.com/meets/221022-bellevue-sammamish-interlake-2015/results,2015,10,WA,HS,XC
"Bethel, Rogers (Puyallup) @ Spanaway Lake",https://wa.milesplit.com/meets/221206-bethel-rogers-puyallup-spanaway-lake-2015/results,2015,10,WA,HS,XC
"Black Hills, W.F. West @ Centralia",https://wa.milesplit.com/meets/221196-black-hills-wf-west-centralia-2015/results,2015,10,WA,HS,XC
CWAC Leage: East Valley/Quincy/Grandview/Mabton,https://wa.milesplit.com/meets/221423-cwac-leage-east-valleyquincygrandviewmabton-2015/results,2015,10,WA,HS,XC
District 7 Meet (Curlew),https://wa.milesplit.com/meets/220925-district-7-meet-curlew-2015/results,2015,10,WA,HS,XC
Federal Way All-City Meet,https://wa.milesplit.com/meets/221023-federal-way-all-city-meet-2015/results,2015,10,WA,HS,XC
"Freeman, Riverside @ Deer Park",https://wa.milesplit.com/meets/221208-freeman-riverside-deer-park-2015/results,2015,10,WA,HS,XC
"GK, Curtis @ Emerald Ridge",https://wa.milesplit.com/meets/221210-gk-curtis-emerald-ridge-2015/results,2015,10,WA,HS,XC
GNL 5 EV (Spokane) @ Clarkston,https://wa.milesplit.com/meets/221024-gnl-5-ev-spokane-clarkston-2015/results,2015,10,WA,HS,XC
"GSL #4 GP, MT. Spokane, Rogers",https://wa.milesplit.com/meets/221026-gsl-4-gp-mt-spokane-rogers-2015/results,2015,10,WA,HS,XC
"GSL#4 Ferris, L.C.",https://wa.milesplit.com/meets/221027-gsl4-ferris-lc-2015/results,2015,10,WA,HS,XC
Invitational @ Lower Woodland Park,https://wa.milesplit.com/meets/221034-invitational-lower-woodland-park-2015/results,2015,10,WA,HS,XC
Lake Washington @ Juanita,https://wa.milesplit.com/meets/221029-lake-washington-juanita-2015/results,2015,10,WA,HS,XC
Mark Morris/Prairie/Washougal @ Kelso,https://wa.milesplit.com/meets/221030-mark-morrisprairiewashougal-kelso-2015/results,2015,10,WA,HS,XC
NEA #3 Chewelah/Colville/Lakeside,https://wa.milesplit.com/meets/221422-nea-3-chewelahcolvillelakeside-2015/results,2015,10,WA,HS,XC
Newport vs. Medical Lake,https://wa.milesplit.com/meets/221031-newport-vs-medical-lake-2015/results,2015,10,WA,HS,XC
"Olympia, Shelton @Capital",https://wa.milesplit.com/meets/221032-olympia-shelton-capital-2015/results,2015,10,WA,HS,XC
Stevenson/White Salmon Duel,https://wa.milesplit.com/meets/221419-stevensonwhite-salmon-duel-2015/results,2015,10,WA,HS,XC
Tacoma City XC Championships,https://wa.milesplit.com/meets/221033-tacoma-city-xc-championships-2015/results,2015,10,WA,HS,XC
Bill Kehoe Invitational,https://wa.milesplit.com/meets/220924-bill-kehoe-invitational-2015/results,2015,10,WA,HS,XC
Camas vs Battle Ground,https://wa.milesplit.com/meets/220916-camas-vs-battle-ground-2015/results,2015,10,WA,HS,XC
District 7 Meet (Colfax),https://wa.milesplit.com/meets/220923-district-7-meet-colfax-2015/results,2015,10,WA,HS,XC
Evergreen vs. Union,https://wa.milesplit.com/meets/221019-evergreen-vs-union-2015/results,2015,10,WA,HS,XC
George Fox Classic,https://or.milesplit.com/meets/216576-george-fox-cross-country-classic-2015/results,2015,10,WA,HS,XC
Leavenworth Invitational,https://wa.milesplit.com/meets/214302-leavenworth-invitational-2015/results,2015,10,WA,HS,XC
Nike Hole in the Wall Invitational,https://wa.milesplit.com/meets/220628-nike-hole-in-the-wall-invitational-2015/results,2015,10,WA,HS,XC
Richland Invitational,https://wa.milesplit.com/meets/214300-richland-invitational-2015/results,2015,10,WA,HS,XC
Blue Heron Invitational,https://wa.milesplit.com/meets/220514-blue-heron-invitational-2015/results,2015,10,WA,HS,XC
CWAC League - EV/Eburg/Top@Eph,https://wa.milesplit.com/meets/220515-cwac-league-eveburgtopeph-2015/results,2015,10,WA,HS,XC
CWAC League-GV/Oth/Pro at Othello,https://wa.milesplit.com/meets/220516-cwac-league-gvothpro-at-othello-2015/results,2015,10,WA,HS,XC
"CWAC: Wapato, Selah @ Quincy",https://wa.milesplit.com/meets/220518-cwac-wapato-selah-quincy-2015/results,2015,10,WA,HS,XC
Evergreen League (Aberdeen),https://www.milesplit.com/meets/220665-evergreen-league-aberdeen-2015/results,2015,10,WA,HS,XC
Evergreen League (Elma),https://www.milesplit.com/meets/220666-evergreen-league-elma-2015/results,2015,10,WA,HS,XC
"Lindbergh, Hazen, Renton, Evergreen",https://mo.milesplit.com/meets/220519-lindbergh-hazen-renton-evergreen-2015/results,2015,10,WA,HS,XC
Orting Triangular,https://wa.milesplit.com/meets/220667-orting-triangular-2015/results,2015,10,WA,HS,XC
Prep/WS/ING/Roos/Ballard/RB,https://wa.milesplit.com/meets/220520-prepwsingroosballardrb-2015/results,2015,10,WA,HS,XC
SCAC Meet #2 @ Cle Elum,https://wa.milesplit.com/meets/220521-scac-meet-2-cle-elum-2015/results,2015,10,WA,HS,XC
SCAC Meet #2@Goldendale,https://wa.milesplit.com/meets/220522-scac-meet-2goldendale-2015/results,2015,10,WA,HS,XC
SeaTac League Meet #4,https://wa.milesplit.com/meets/220664-seatac-league-meet-4-2015/results,2015,10,WA,HS,XC
Shorewood / Everett / MLT / Cascade,https://wa.milesplit.com/meets/220523-shorewood-everett-mlt-cascade-2015/results,2015,10,WA,HS,XC
"Tyee, Foster, Highline, Kennedy",https://wa.milesplit.com/meets/220524-tyee-foster-highline-kennedy-2015/results,2015,10,WA,HS,XC
2A GSHL RAL/Washougal @ RHS,https://nj.milesplit.com/meets/220453-2a-gshl-ralwashougal-rhs-2015/results,2015,10,WA,HS,XC
Auburn Triangular,https://www.milesplit.com/meets/220670-auburn-triangular-2015/results,2015,10,WA,HS,XC
Bainbridge / Chief Sealth / Eastside / Franklin,https://www.milesplit.com/meets/220454-bainbridge-chief-sealth-eastside-franklin-2015/results,2015,10,WA,HS,XC
Bremerton Triangular,https://wa.milesplit.com/meets/220672-bremerton-triangular-2015/results,2015,10,WA,HS,XC
"Chewelah, Newport at Deer Park",https://tx.milesplit.com/meets/220455-chewelah-newport-at-deer-park-2015/results,2015,10,WA,HS,XC
D9 1B/2B League Meet #2,https://ar.milesplit.com/meets/220452-d9-1b2b-league-meet-2-2015/results,2015,10,WA,HS,XC
Eastlake & Woodinville @ Issaquah,https://wa.milesplit.com/meets/220456-eastlake-and-woodinville-issaquah-2015/results,2015,10,WA,HS,XC
GH at CK,https://wa.milesplit.com/meets/220457-gh-at-ck-2015/results,2015,10,WA,HS,XC
GNL Cheney @ West Valley,https://wa.milesplit.com/meets/220458-gnl-cheney-west-valley-2015/results,2015,10,WA,HS,XC
GNL Clarkston @ Pullman,https://wa.milesplit.com/meets/220459-gnl-clarkston-pullman-2015/results,2015,10,WA,HS,XC
Graham-Kapowsin vs. Rogers,https://www.milesplit.com/meets/220671-graham-kapowsin-vs-rogers-2015/results,2015,10,WA,HS,XC
GSHL 2A Hockinson/Mark Morris/HBay,https://wa.milesplit.com/meets/220460-gshl-2a-hockinsonmark-morrishbay-2015/results,2015,10,WA,HS,XC
Juanita @ Interlake,https://wa.milesplit.com/meets/220461-juanita-interlake-2015/results,2015,10,WA,HS,XC
Kentlake @ Kentwood,https://wa.milesplit.com/meets/220462-kentlake-kentwood-2015/results,2015,10,WA,HS,XC
Kentridge vs. Tahoma,https://wa.milesplit.com/meets/220463-kentridge-vs-tahoma-2015/results,2015,10,WA,HS,XC
Lake Washington Triangular,https://wa.milesplit.com/meets/220673-lake-washington-triangular-2015/results,2015,10,WA,HS,XC
Mercer Island @ Bellevue,https://wa.milesplit.com/meets/220464-mercer-island-bellevue-2015/results,2015,10,WA,HS,XC
NEA #2 Medical Lk/Lakeside/Riverside,https://wa.milesplit.com/meets/220465-nea-2-medical-lklakesideriverside-2015/results,2015,10,WA,HS,XC
"Newport, Redmond @ Bothell",https://wa.milesplit.com/meets/220466-newport-redmond-bothell-2015/results,2015,10,WA,HS,XC
OL SHS vs PAHS @ PTHS,https://wa.milesplit.com/meets/220467-ol-shs-vs-pahs-pths-2015/results,2015,10,WA,HS,XC
Olympic League Tri - North Kitsap,https://wa.milesplit.com/meets/220503-olympic-league-tri-north-kitsap-2015/results,2015,10,WA,HS,XC
Omak Invitational,https://wa.milesplit.com/meets/220505-omak-invitational-2015/results,2015,10,WA,HS,XC
"Puyallup, Spanaway Lake at Curtis",https://wa.milesplit.com/meets/220506-puyallup-spanaway-lake-at-curtis-2015/results,2015,10,WA,HS,XC
Sumner @ Auburn Riverside,https://wa.milesplit.com/meets/220507-sumner-auburn-riverside-2015/results,2015,10,WA,HS,XC
Thomas Jefferson vs. Mt. Rainier,https://wa.milesplit.com/meets/220508-thomas-jefferson-vs-mt-rainier-2015/results,2015,10,WA,HS,XC
Timberline Narrows Meet,https://wa.milesplit.com/meets/220509-timberline-narrows-meet-2015/results,2015,10,WA,HS,XC
Todd Beamer vs. Decatur,https://wa.milesplit.com/meets/220511-todd-beamer-vs-decatur-2015/results,2015,10,WA,HS,XC
Trico League Meet,https://wa.milesplit.com/meets/220512-trico-league-meet-2015/results,2015,10,WA,HS,XC
"Tumwater, Centralia @ Black Hills",https://www.milesplit.com/meets/220513-tumwater-centralia-black-hills-2015/results,2015,10,WA,HS,XC
Adna Pirate Invitational,https://wa.milesplit.com/meets/220669-adna-pirate-invitational-2015/results,2015,10,WA,HS,XC
D7 NE 1A Freeman @ Colville,https://wa.milesplit.com/meets/220208-d7-ne-1a-freeman-colville-2015/results,2015,10,WA,HS,XC
District 7 1B/2B @ Wilbur,https://wa.milesplit.com/meets/220209-district-7-1b2b-wilbur-2015/results,2015,10,WA,HS,XC
Fort Vancouver vs. Prairie,https://www.milesplit.com/meets/220668-fort-vancouver-vs-prairie-2015/results,2015,10,WA,HS,XC
Kelso @ Columbia River,https://wa.milesplit.com/meets/220210-kelso-columbia-river-2015/results,2015,10,WA,HS,XC
Nisqually League Meet,https://wa.milesplit.com/meets/220212-nisqually-league-meet-2015/results,2015,10,WA,HS,XC
Can-Am Invitational,https://www.milesplit.com/meets/214296-can-am-invitational-2015/results,2015,10,WA,HS,XC
Curtis Invitational,https://wa.milesplit.com/meets/214293-curtis-invitational-2015/results,2015,10,WA,HS,XC
Evergreen 1A/2A (Tenino),https://wa.milesplit.com/meets/219928-evergreen-1a2a-tenino-2015/results,2015,10,WA,HS,XC
Harvest Classic,https://wa.milesplit.com/meets/214297-harvest-classic-2015/results,2015,10,WA,HS,XC
Pasco Bulldog Invitational,https://wa.milesplit.com/meets/214298-pasco-bulldog-invitational-2015/results,2015,10,WA,HS,XC
Sunfair Invitational,https://wa.milesplit.com/meets/214294-sunfair-invitational-2015/results,2015,10,WA,HS,XC
Twilight Invitational,https://wa.milesplit.com/meets/214295-twilight-invitational-2015/results,2015,10,WA,HS,XC
Wenatchee XC Invitational,https://wa.milesplit.com/meets/214299-wenatchee-xc-invitational-2015/results,2015,10,WA,HS,XC
Hale/O'Dea/HNA/Clev/Rainier Beach,https://wa.milesplit.com/meets/219930-haleodeahnaclevrainier-beach-2015/results,2015,10,WA,HS,XC
BB/CS/Garfield/Bainbridge/WS,https://wa.milesplit.com/meets/219904-bbcsgarfieldbainbridgews-2015/results,2015,10,WA,HS,XC
CK @ Capital,https://wa.milesplit.com/meets/219905-ck-capital-2015/results,2015,10,WA,HS,XC
Connell Invite,https://wa.milesplit.com/meets/219909-connell-invite-2015/results,2015,10,WA,HS,XC
Evergreen League 1A/2A Hoquiam,https://wa.milesplit.com/meets/219906-evergreen-league-1a2a-hoquiam-2015/results,2015,10,WA,HS,XC
JW Black Lake XC Invite,https://wa.milesplit.com/meets/219914-jw-black-lake-xc-invite-2015/results,2015,10,WA,HS,XC
"Lake Stevens, Snohomish, Oak Harbor, Monroe, Meadowdale",https://wa.milesplit.com/meets/219907-lake-stevens-snohomish-oak-harbor-monroe-meadowdale-2015/results,2015,10,WA,HS,XC
Mt Vernon / MGHS / Shorecrest / Kamiak / MLT @ Arlington,https://www.milesplit.com/meets/219908-mt-vernon-mghs-shorecrest-kamiak-mlt-arlington-2015/results,2015,10,WA,HS,XC
SCAC Meet #1 @ Highland,https://wa.milesplit.com/meets/219910-scac-meet-1-highland-2015/results,2015,10,WA,HS,XC
"Seamount Dual Kennedy, Renton, Highline at Lindbergh",https://wa.milesplit.com/meets/219927-seamount-dual-kennedy-renton-highline-at-lindbergh-2015/results,2015,10,WA,HS,XC
Border Clash,https://or.milesplit.com/meets/223542-border-clash-2015/results,2015,11,WA,HS,XC
Cross Country Coaches National Youth Championships,https://ky.milesplit.com/meets/215197-cross-country-coaches-national-youth-championships-2015/results,2015,11,WA,HS,XC
NACA Cross-Country Championships,https://tn.milesplit.com/meets/188486-naca-cross-country-championships-2015/results,2015,11,WA,HS,XC
Nike Cross Nationals Northwest Regional,https://www.milesplit.com/meets/214585-nike-cross-nationals-northwest-regional-2015/results,2015,11,WA,HS,XC
WIAA State Championship,https://wa.milesplit.com/meets/222992-wiaa-state-championship-2015/results,2015,11,WA,HS,XC
